title,guarantee,product_colorful,فیلتر,مناسب برای,cluster,cluster_names
ماسک تنفسی می ماسک مدل 6020 بسته 200 عددی,گارانتی اصالت و سلامت فیزیکی کالا,ندارد,ندارد,بیمارستان,1,135000-200000
ماسک تنفسی می ماسک مدل 6020 بسته 200 عددی,گارانتی اصالت و سلامت فیزیکی کالا,ندارد,ندارد,عمومی,1,135000-200000
ماسک تنفسی مدل ms بسته 3000 عددی,سرویس ویژه دیجی کالا: 7 روز تضمین بازگشت کالا,ندارد,ندارد,بیمارستان,2,1990000-2000000
ماسک تنفسی مدل ms بسته 3000 عددی,سرویس ویژه دیجی کالا: 7 روز تضمین بازگشت کالا,ندارد,ندارد,عمومی,2,1990000-2000000
ماسک تنفسی مدل mz بسته 3000 عددی,سرویس ویژه دیجی کالا: 7 روز تضمین بازگشت کالا,ندارد,ندارد,بیمارستان,4,3000000-3000000
ماسک تنفسی مدل mz بسته 3000 عددی,سرویس ویژه دیجی کالا: 7 روز تضمین بازگشت کالا,ندارد,ندارد,عمومی,4,3000000-3000000
ماسک تنفسی می ماسک مدل 7020 بسته 200 عددی,گارانتی اصالت و سلامت فیزیکی کالا,ندارد,دارد,بیمارستان,1,135000-200000
ماسک تنفسی می ماسک مدل 7020 بسته 200 عددی,گارانتی اصالت و سلامت فیزیکی کالا,ندارد,دارد,عمومی,1,135000-200000
ماسک تنفسی های ماسک مدل s03 بسته 200 عددی,سرویس ویژه دیجی کالا: 7 روز تضمین بازگشت کالا,ندارد,دارد,بیمارستان,1,135000-200000
ماسک تنفسی های ماسک مدل s03 بسته 200 عددی,سرویس ویژه دیجی کالا: 7 روز تضمین بازگشت کالا,ندارد,دارد,عمومی,1,135000-200000
ماسک تنفسی مدل mz بسته 150 عددی,گارانتی اصالت و سلامت فیزیکی کالا,ندارد,ندارد,بیمارستان,1,135000-200000
ماسک تنفسی مدل mz بسته 150 عددی,گارانتی اصالت و سلامت فیزیکی کالا,ندارد,ندارد,عمومی,1,135000-200000
ماسک تنفسی می ماسک مدل 8020 بسته 200 عددی,گارانتی اصالت و سلامت فیزیکی کالا,ندارد,دارد,بیمارستان,1,135000-200000
ماسک تنفسی می ماسک مدل 8020 بسته 200 عددی,گارانتی اصالت و سلامت فیزیکی کالا,ندارد,دارد,عمومی,1,135000-200000
ماسک تنفسی می ماسک مدل 6020 بسته 2000 عددی,گارانتی اصالت و سلامت فیزیکی کالا,ندارد,دارد,بیمارستان,2,1990000-2000000
ماسک تنفسی می ماسک مدل 6020 بسته 2000 عددی,گارانتی اصالت و سلامت فیزیکی کالا,ندارد,دارد,عمومی,2,1990000-2000000
ماسک تنفسی فراز مهر مدل fz1 بسته 2000 عددی,گارانتی اصالت و سلامت فیزیکی کالا,ندارد,ندارد,بیمارستان,5,1600000-1600000
ماسک تنفسی فراز مهر مدل fz1 بسته 2000 عددی,گارانتی اصالت و سلامت فیزیکی کالا,ندارد,ندارد,عمومی,5,1600000-1600000
ماسک تنفسی مدل ms بسته 2000 عددی,گارانتی اصالت و سلامت فیزیکی کالا,ندارد,ندارد,بیمارستان,3,1450000-1500000
ماسک تنفسی مدل ms بسته 2000 عددی,گارانتی اصالت و سلامت فیزیکی کالا,ندارد,ندارد,عمومی,3,1450000-1500000
ماسک تنفسی مدل mz بسته 2000 عددی,سرویس ویژه دیجی کالا: 7 روز تضمین بازگشت کالا,ندارد,ندارد,بیمارستان,3,1450000-1500000
ماسک تنفسی مدل mz بسته 2000 عددی,سرویس ویژه دیجی کالا: 7 روز تضمین بازگشت کالا,ندارد,ندارد,عمومی,3,1450000-1500000
ماسک تنفسی گلدیس مدل ssms02 بسته 2000 عددی,گارانتی اصالت و سلامت فیزیکی کالا,ندارد,ندارد,بیمارستان,6,1000000-1000000
ماسک تنفسی گلدیس مدل ssms02 بسته 2000 عددی,گارانتی اصالت و سلامت فیزیکی کالا,ندارد,ندارد,عمومی,6,1000000-1000000
ماسک تنفسی مدل ms بسته 200 عددی,گارانتی اصالت و سلامت فیزیکی کالا,ندارد,ندارد,بیمارستان,1,135000-200000
ماسک تنفسی مدل ms بسته 200 عددی,گارانتی اصالت و سلامت فیزیکی کالا,ندارد,ندارد,عمومی,1,135000-200000
ماسک تنفسی مدل mz بسته 200 عددی,گارانتی اصالت و سلامت فیزیکی کالا,ندارد,ندارد,بیمارستان,1,135000-200000
ماسک تنفسی مدل mz بسته 200 عددی,گارانتی اصالت و سلامت فیزیکی کالا,ندارد,ندارد,عمومی,1,135000-200000
ماسک تنفسی مدل ملت بلون بسته 51 عددی,گارانتی اصالت و سلامت فیزیکی کالا,ندارد,دارد,عمومی,13,17000-24000
ماسک تنفسی مدل sb1 بسته 50 عددی,گارانتی اصالت و سلامت فیزیکی کالا,ندارد,ندارد,عمومی,13,17000-24000
ماسک تنفسی ریباطب مدل پریمیوم مجموعه 60 عددی,سرویس ویژه دیجی کالا: 7 روز تضمین بازگشت کالا,ندارد,ندارد,بیمارستان,16,59800-60000
ماسک تنفسی ریباطب مدل پریمیوم مجموعه 60 عددی,سرویس ویژه دیجی کالا: 7 روز تضمین بازگشت کالا,ندارد,ندارد,عمومی,16,59800-60000
ماسک تنفسی اسان پوش مدل melt blown بسته 50 عددی,گارانتی اصالت و سلامت فیزیکی کالا,ندارد,ندارد,بیمارستان,9,34000-40000
ماسک تنفسی اسان پوش مدل melt blown بسته 50 عددی,گارانتی اصالت و سلامت فیزیکی کالا,ندارد,ندارد,عمومی,9,34000-40000
ماسک تنفسی کد 2925 بسته 50 عددی,سرویس ویژه دیجی کالا: 7 روز تضمین بازگشت کالا,دارد,ندارد,عمومی,13,17000-24000
"ماسک تنفسی سه لایه دکتر کرست مدل dr,c50 بسته 50 عددی",گارانتی اصالت و سلامت فیزیکی کالا,ندارد,دارد,بیمارستان,7,48900-50000
"ماسک تنفسی سه لایه دکتر کرست مدل dr,c50 بسته 50 عددی",گارانتی اصالت و سلامت فیزیکی کالا,ندارد,دارد,عمومی,7,48900-50000
ماسک تنفسی مدل مدیکوم b12 بسته 53 عددی,گارانتی اصالت و سلامت فیزیکی کالا,ندارد,دارد,بیمارستان,11,42000-47000
ماسک تنفسی مدل مدیکوم b12 بسته 53 عددی,گارانتی اصالت و سلامت فیزیکی کالا,ندارد,دارد,عمومی,11,42000-47000
ماسک تنفسی مدل sbn بسته 50 عددی,گارانتی اصالت و سلامت فیزیکی کالا,ندارد,ندارد,عمومی,13,17000-24000
ماسک تنفسی انزانی مدل bk3 بسته 50 عددی,گارانتی اصالت و سلامت فیزیکی کالا,ندارد,دارد,ساختمانی,7,48900-50000
ماسک تنفسی انزانی مدل bk3 بسته 50 عددی,گارانتی اصالت و سلامت فیزیکی کالا,ندارد,دارد,بیمارستان,7,48900-50000
ماسک تنفسی انزانی مدل bk3 بسته 50 عددی,گارانتی اصالت و سلامت فیزیکی کالا,ندارد,دارد,نجاری,7,48900-50000
ماسک تنفسی انزانی مدل bk3 بسته 50 عددی,گارانتی اصالت و سلامت فیزیکی کالا,ندارد,دارد,عمومی,7,48900-50000
ماسک تنفسی بایکو مدل bs بسته 50 عددی,سرویس ویژه دیجی کالا: 7 روز تضمین بازگشت کالا,ندارد,ندارد,عمومی,13,17000-24000
ماسک تنفسی بایکو مدل pb بسته 50 عددی,گارانتی اصالت و سلامت فیزیکی کالا,ندارد,ندارد,عمومی,13,17000-24000
ماسک تنفسی انزانی مدل ebl01 بسته 10 عددی,گارانتی اصالت و سلامت فیزیکی کالا,ندارد,ندارد,بیمارستان,8,7000-12000
ماسک تنفسی انزانی مدل ebl01 بسته 10 عددی,گارانتی اصالت و سلامت فیزیکی کالا,ندارد,ندارد,عمومی,8,7000-12000
ماسک تنفسی مدل mos01,گارانتی اصالت و سلامت فیزیکی کالا,ندارد,ندارد,عمومی,9,34000-40000
ماسک تنفسی های ماسک مدل s02 بسته 50 عددی,سرویس ویژه دیجی کالا: 7 روز تضمین بازگشت کالا,ندارد,ندارد,بیمارستان,9,34000-40000
ماسک تنفسی های ماسک مدل s02 بسته 50 عددی,سرویس ویژه دیجی کالا: 7 روز تضمین بازگشت کالا,ندارد,ندارد,عمومی,9,34000-40000
ماسک تنفسی مدل 3270 بسته 50 عددی,سرویس ویژه دیجی کالا: 7 روز تضمین بازگشت کالا,ندارد,ندارد,بیمارستان,12,24500-33000
ماسک تنفسی مدل 3270 بسته 50 عددی,سرویس ویژه دیجی کالا: 7 روز تضمین بازگشت کالا,ندارد,ندارد,عمومی,12,24500-33000
"ماسک تنفسی دکتر کرست مدل dr,g40 بسته 40 عددی",گارانتی 12 ماهه جوی واتر,ندارد,دارد,بیمارستان,9,34000-40000
"ماسک تنفسی دکتر کرست مدل dr,g40 بسته 40 عددی",گارانتی 12 ماهه جوی واتر,ندارد,دارد,نجاری,9,34000-40000
"ماسک تنفسی دکتر کرست مدل dr,g40 بسته 40 عددی",گارانتی 12 ماهه جوی واتر,ندارد,دارد,ساختمانی,9,34000-40000
"ماسک تنفسی دکتر کرست مدل dr,g40 بسته 40 عددی",گارانتی 12 ماهه جوی واتر,ندارد,دارد,جوشکاری,9,34000-40000
"ماسک تنفسی دکتر کرست مدل dr,g40 بسته 40 عددی",گارانتی 12 ماهه جوی واتر,ندارد,دارد,تراشکاری,9,34000-40000
"ماسک تنفسی دکتر کرست مدل dr,g40 بسته 40 عددی",گارانتی 12 ماهه جوی واتر,ندارد,دارد,عمومی,9,34000-40000
"ماسک تنفسی دکتر کرست مدل drc,3d,40",سرویس ویژه دیجی کالا: 7 روز تضمین بازگشت کالا,ندارد,دارد,بیمارستان,9,34000-40000
"ماسک تنفسی دکتر کرست مدل drc,3d,40",سرویس ویژه دیجی کالا: 7 روز تضمین بازگشت کالا,ندارد,دارد,نجاری,9,34000-40000
"ماسک تنفسی دکتر کرست مدل drc,3d,40",سرویس ویژه دیجی کالا: 7 روز تضمین بازگشت کالا,ندارد,دارد,ساختمانی,9,34000-40000
"ماسک تنفسی دکتر کرست مدل drc,3d,40",سرویس ویژه دیجی کالا: 7 روز تضمین بازگشت کالا,ندارد,دارد,جوشکاری,9,34000-40000
"ماسک تنفسی دکتر کرست مدل drc,3d,40",سرویس ویژه دیجی کالا: 7 روز تضمین بازگشت کالا,ندارد,دارد,تراشکاری,9,34000-40000
"ماسک تنفسی دکتر کرست مدل drc,3d,40",سرویس ویژه دیجی کالا: 7 روز تضمین بازگشت کالا,ندارد,دارد,عمومی,9,34000-40000
ماسک تنفسی کودک مهرسا مدل sm02 بسته 50 عددی,گارانتی اصالت و سلامت فیزیکی کالا,ندارد,ندارد,بیمارستان,7,48900-50000
ماسک تنفسی کودک مهرسا مدل sm02 بسته 50 عددی,گارانتی اصالت و سلامت فیزیکی کالا,ندارد,ندارد,عمومی,7,48900-50000
کاور نگهدارنده ماسک مدل b مجموعه 5 عددی,گارانتی اصالت و سلامت فیزیکی کالا,ندارد,ندارد,بیمارستان,8,7000-12000
کاور نگهدارنده ماسک مدل b مجموعه 5 عددی,گارانتی اصالت و سلامت فیزیکی کالا,ندارد,ندارد,عمومی,8,7000-12000
ماسک تنفسی می ماسک مدل 6020 بسته 50 عددی,سرویس ویژه دیجی کالا: 7 روز تضمین بازگشت کالا,ندارد,ندارد,بیمارستان,12,24500-33000
ماسک تنفسی می ماسک مدل 6020 بسته 50 عددی,سرویس ویژه دیجی کالا: 7 روز تضمین بازگشت کالا,ندارد,ندارد,عمومی,12,24500-33000
ماسک تنفسی تیانی مدل بسته 50 عددی,سرویس ویژه دیجی کالا: 7 روز تضمین بازگشت کالا,ندارد,ندارد,عمومی,13,17000-24000
ماسک تنفسی مدل 22 مجموعه 50 عددی,گارانتی اصالت و سلامت فیزیکی کالا,ندارد,دارد,بیمارستان,9,34000-40000
ماسک تنفسی مدل 22 مجموعه 50 عددی,گارانتی اصالت و سلامت فیزیکی کالا,ندارد,دارد,عمومی,9,34000-40000
ماسک تنفسی بست مدل بسته 50 عددی,گارانتی اصالت و سلامت فیزیکی کالا,دارد,ندارد,عمومی,13,17000-24000
ماسک تنفسی ناردین مدل sms بسته 50 عددی,سرویس ویژه دیجی کالا: 7 روز تضمین بازگشت کالا,ندارد,دارد,بیمارستان,12,24500-33000
ماسک تنفسی ناردین مدل sms بسته 50 عددی,سرویس ویژه دیجی کالا: 7 روز تضمین بازگشت کالا,ندارد,دارد,عمومی,12,24500-33000
ماسک تنفسی سبلان مدل pwmlt بسته 50 عددی,گارانتی اصالت و سلامت فیزیکی کالا,ندارد,ندارد,بیمارستان,12,24500-33000
ماسک تنفسی سبلان مدل pwmlt بسته 50 عددی,گارانتی اصالت و سلامت فیزیکی کالا,ندارد,ندارد,عمومی,12,24500-33000
ماسک تنفسی سبلان مدل pwmlt بسته 100 عددی,گارانتی اصالت و سلامت فیزیکی کالا,ندارد,ندارد,بیمارستان,11,42000-47000
ماسک تنفسی سبلان مدل pwmlt بسته 100 عددی,گارانتی اصالت و سلامت فیزیکی کالا,ندارد,ندارد,عمومی,11,42000-47000
ماسک تنفسی بایکو مدل ps بسته 50 عددی,گارانتی اصالت و سلامت فیزیکی کالا,ندارد,ندارد,عمومی,13,17000-24000
ماسک تنفسی انزانی مدل eg10 بسته 10 عددی,گارانتی اصالت و سلامت فیزیکی کالا,ندارد,ندارد,بیمارستان,8,7000-12000
ماسک تنفسی انزانی مدل eg10 بسته 10 عددی,گارانتی اصالت و سلامت فیزیکی کالا,ندارد,ندارد,نجاری,8,7000-12000
ماسک تنفسی انزانی مدل eg10 بسته 10 عددی,گارانتی اصالت و سلامت فیزیکی کالا,ندارد,ندارد,ساختمانی,8,7000-12000
ماسک تنفسی انزانی مدل eg10 بسته 10 عددی,گارانتی اصالت و سلامت فیزیکی کالا,ندارد,ندارد,جوشکاری,8,7000-12000
ماسک تنفسی انزانی مدل eg10 بسته 10 عددی,گارانتی اصالت و سلامت فیزیکی کالا,ندارد,ندارد,تراشکاری,8,7000-12000
ماسک تنفسی انزانی مدل eg10 بسته 10 عددی,گارانتی اصالت و سلامت فیزیکی کالا,ندارد,ندارد,عمومی,8,7000-12000
نگهدارنده ماسک مدل r4 مجموعه 4 عددی,گارانتی اصالت و سلامت فیزیکی کالا,ندارد,ندارد,بیمارستان,8,7000-12000
نگهدارنده ماسک مدل r4 مجموعه 4 عددی,گارانتی اصالت و سلامت فیزیکی کالا,ندارد,ندارد,عمومی,8,7000-12000
ماسک تنفسی فراز مدل alvan01 بسته 50 عددی,گارانتی اصالت و سلامت فیزیکی کالا,ندارد,ندارد,بیمارستان,9,34000-40000
ماسک تنفسی فراز مدل alvan01 بسته 50 عددی,گارانتی اصالت و سلامت فیزیکی کالا,ندارد,ندارد,عمومی,9,34000-40000
ماسک تنفسی مدل p01 بسته 50 عددی,سرویس ویژه دیجی کالا: 7 روز تضمین بازگشت کالا,ندارد,ندارد,عمومی,13,17000-24000
ماسک تنفسی انزانی مدل رنگین کمان بسته 50 عددی,گارانتی اصالت و سلامت فیزیکی کالا,ندارد,ندارد,بیمارستان,7,48900-50000
ماسک تنفسی انزانی مدل رنگین کمان بسته 50 عددی,گارانتی اصالت و سلامت فیزیکی کالا,ندارد,ندارد,نجاری,7,48900-50000
ماسک تنفسی انزانی مدل رنگین کمان بسته 50 عددی,گارانتی اصالت و سلامت فیزیکی کالا,ندارد,ندارد,ساختمانی,7,48900-50000
ماسک تنفسی انزانی مدل رنگین کمان بسته 50 عددی,گارانتی اصالت و سلامت فیزیکی کالا,ندارد,ندارد,جوشکاری,7,48900-50000
ماسک تنفسی انزانی مدل رنگین کمان بسته 50 عددی,گارانتی اصالت و سلامت فیزیکی کالا,ندارد,ندارد,تراشکاری,7,48900-50000
ماسک تنفسی انزانی مدل رنگین کمان بسته 50 عددی,گارانتی اصالت و سلامت فیزیکی کالا,ندارد,ندارد,عمومی,7,48900-50000
ماسک تنفسی مدل ssmms بسته 50 عددی,گارانتی اصالت و سلامت فیزیکی کالا,ندارد,ندارد,بیمارستان,12,24500-33000
ماسک تنفسی مدل ssmms بسته 50 عددی,گارانتی اصالت و سلامت فیزیکی کالا,ندارد,ندارد,عمومی,12,24500-33000
ماسک تنفسی پلیمد مدل mlt بسته 50 عددی,گارانتی اصالت و سلامت فیزیکی کالا,ندارد,ندارد,بیمارستان,7,48900-50000
ماسک تنفسی پلیمد مدل mlt بسته 50 عددی,گارانتی اصالت و سلامت فیزیکی کالا,ندارد,ندارد,عمومی,7,48900-50000
"ماسک تنفسی دکتر کرست مدل drc,bl50 بسته 50 عددی",گارانتی اصالت و سلامت فیزیکی کالا,ندارد,دارد,بیمارستان,7,48900-50000
"ماسک تنفسی دکتر کرست مدل drc,bl50 بسته 50 عددی",گارانتی اصالت و سلامت فیزیکی کالا,ندارد,دارد,نجاری,7,48900-50000
"ماسک تنفسی دکتر کرست مدل drc,bl50 بسته 50 عددی",گارانتی اصالت و سلامت فیزیکی کالا,ندارد,دارد,ساختمانی,7,48900-50000
"ماسک تنفسی دکتر کرست مدل drc,bl50 بسته 50 عددی",گارانتی اصالت و سلامت فیزیکی کالا,ندارد,دارد,جوشکاری,7,48900-50000
"ماسک تنفسی دکتر کرست مدل drc,bl50 بسته 50 عددی",گارانتی اصالت و سلامت فیزیکی کالا,ندارد,دارد,تراشکاری,7,48900-50000
"ماسک تنفسی دکتر کرست مدل drc,bl50 بسته 50 عددی",گارانتی اصالت و سلامت فیزیکی کالا,ندارد,دارد,عمومی,7,48900-50000
ماسک تنفسی انزانی مدل lv01 بسته 50 عددیغیر اصل,گارانتی سلامت فیزیکی کالا,ندارد,دارد,بیمارستان,7,48900-50000
ماسک تنفسی انزانی مدل lv01 بسته 50 عددیغیر اصل,گارانتی سلامت فیزیکی کالا,ندارد,دارد,نجاری,7,48900-50000
ماسک تنفسی انزانی مدل lv01 بسته 50 عددیغیر اصل,گارانتی سلامت فیزیکی کالا,ندارد,دارد,ساختمانی,7,48900-50000
ماسک تنفسی انزانی مدل lv01 بسته 50 عددیغیر اصل,گارانتی سلامت فیزیکی کالا,ندارد,دارد,جوشکاری,7,48900-50000
ماسک تنفسی انزانی مدل lv01 بسته 50 عددیغیر اصل,گارانتی سلامت فیزیکی کالا,ندارد,دارد,تراشکاری,7,48900-50000
ماسک تنفسی انزانی مدل lv01 بسته 50 عددیغیر اصل,گارانتی سلامت فیزیکی کالا,ندارد,دارد,عمومی,7,48900-50000
ماسک تنفسی مدل 2021 بسته 10عددی,گارانتی اصالت و سلامت فیزیکی کالا,ندارد,ندارد,بیمارستان,8,7000-12000
ماسک تنفسی مدل 2021 بسته 10عددی,گارانتی اصالت و سلامت فیزیکی کالا,ندارد,ندارد,نجاری,8,7000-12000
ماسک تنفسی مدل 2021 بسته 10عددی,گارانتی اصالت و سلامت فیزیکی کالا,ندارد,ندارد,ساختمانی,8,7000-12000
ماسک تنفسی مدل 2021 بسته 10عددی,گارانتی اصالت و سلامت فیزیکی کالا,ندارد,ندارد,جوشکاری,8,7000-12000
ماسک تنفسی مدل 2021 بسته 10عددی,گارانتی اصالت و سلامت فیزیکی کالا,ندارد,ندارد,تراشکاری,8,7000-12000
ماسک تنفسی مدل 2021 بسته 10عددی,گارانتی اصالت و سلامت فیزیکی کالا,ندارد,ندارد,عمومی,8,7000-12000
کاور نگهدارنده ماسک مدل rad71,گارانتی اصالت و سلامت فیزیکی کالا,ندارد,ندارد,بیمارستان,10,1950-6000
کاور نگهدارنده ماسک مدل rad71,گارانتی اصالت و سلامت فیزیکی کالا,ندارد,ندارد,عمومی,10,1950-6000
ماسک تنفسی می ماسک مدل 6020 بسته 100 عددی,گارانتی اصالت و سلامت فیزیکی کالا,ندارد,دارد,بیمارستان,17,69000-69000
ماسک تنفسی می ماسک مدل 6020 بسته 100 عددی,گارانتی اصالت و سلامت فیزیکی کالا,ندارد,دارد,عمومی,17,69000-69000
ماسک تنفسی انزانی مدل ep08 بسته 10 عددی,گارانتی اصالت و سلامت فیزیکی کالا,ندارد,ندارد,بیمارستان,8,7000-12000
ماسک تنفسی انزانی مدل ep08 بسته 10 عددی,گارانتی اصالت و سلامت فیزیکی کالا,ندارد,ندارد,عمومی,8,7000-12000
"ماسک تنفسی دکتر کرست مدل dr,c50 بسته 50 عددی",گارانتی اصالت و سلامت فیزیکی کالا,ندارد,دارد,بیمارستان,11,42000-47000
"ماسک تنفسی دکتر کرست مدل dr,c50 بسته 50 عددی",گارانتی اصالت و سلامت فیزیکی کالا,ندارد,دارد,نجاری,11,42000-47000
"ماسک تنفسی دکتر کرست مدل dr,c50 بسته 50 عددی",گارانتی اصالت و سلامت فیزیکی کالا,ندارد,دارد,ساختمانی,11,42000-47000
"ماسک تنفسی دکتر کرست مدل dr,c50 بسته 50 عددی",گارانتی اصالت و سلامت فیزیکی کالا,ندارد,دارد,جوشکاری,11,42000-47000
"ماسک تنفسی دکتر کرست مدل dr,c50 بسته 50 عددی",گارانتی اصالت و سلامت فیزیکی کالا,ندارد,دارد,تراشکاری,11,42000-47000
"ماسک تنفسی دکتر کرست مدل dr,c50 بسته 50 عددی",گارانتی اصالت و سلامت فیزیکی کالا,ندارد,دارد,عمومی,11,42000-47000
ماسک تنفسی می ماسک مدل 7020 بسته 50 عددی,گارانتی اصالت و سلامت فیزیکی کالا,ندارد,دارد,بیمارستان,11,42000-47000
ماسک تنفسی می ماسک مدل 7020 بسته 50 عددی,گارانتی اصالت و سلامت فیزیکی کالا,ندارد,دارد,عمومی,11,42000-47000
ماسک تنفسی مدل m03 بسته 50 عددی,گارانتی اصالت و سلامت فیزیکی کالا,ندارد,ندارد,عمومی,13,17000-24000
ماسک تنفسی انید مدل 2021 بسته 50 عددی,سرویس ویژه دیجی کالا: 7 روز تضمین بازگشت کالا,ندارد,ندارد,بیمارستان,9,34000-40000
ماسک تنفسی انید مدل 2021 بسته 50 عددی,سرویس ویژه دیجی کالا: 7 روز تضمین بازگشت کالا,ندارد,ندارد,نجاری,9,34000-40000
ماسک تنفسی انید مدل 2021 بسته 50 عددی,سرویس ویژه دیجی کالا: 7 روز تضمین بازگشت کالا,ندارد,ندارد,ساختمانی,9,34000-40000
ماسک تنفسی انید مدل 2021 بسته 50 عددی,سرویس ویژه دیجی کالا: 7 روز تضمین بازگشت کالا,ندارد,ندارد,جوشکاری,9,34000-40000
ماسک تنفسی انید مدل 2021 بسته 50 عددی,سرویس ویژه دیجی کالا: 7 روز تضمین بازگشت کالا,ندارد,ندارد,تراشکاری,9,34000-40000
ماسک تنفسی انید مدل 2021 بسته 50 عددی,سرویس ویژه دیجی کالا: 7 روز تضمین بازگشت کالا,ندارد,ندارد,عمومی,9,34000-40000
ماسک تنفسی بست ماسک مدل نانو بسته 10 عددی,گارانتی اصالت و سلامت فیزیکی کالا,ندارد,ندارد,عمومی,10,1950-6000
ماسک تنفسی انزانی مدل dbl03 بسته 50 عددی,گارانتی اصالت و سلامت فیزیکی کالا,ندارد,ندارد,بیمارستان,7,48900-50000
ماسک تنفسی انزانی مدل dbl03 بسته 50 عددی,گارانتی اصالت و سلامت فیزیکی کالا,ندارد,ندارد,نجاری,7,48900-50000
ماسک تنفسی انزانی مدل dbl03 بسته 50 عددی,گارانتی اصالت و سلامت فیزیکی کالا,ندارد,ندارد,ساختمانی,7,48900-50000
ماسک تنفسی انزانی مدل dbl03 بسته 50 عددی,گارانتی اصالت و سلامت فیزیکی کالا,ندارد,ندارد,جوشکاری,7,48900-50000
ماسک تنفسی انزانی مدل dbl03 بسته 50 عددی,گارانتی اصالت و سلامت فیزیکی کالا,ندارد,ندارد,تراشکاری,7,48900-50000
ماسک تنفسی انزانی مدل dbl03 بسته 50 عددی,گارانتی اصالت و سلامت فیزیکی کالا,ندارد,ندارد,عمومی,7,48900-50000
ماسک تنفسی اریا سلامت نفس مدل mlt بسته 50 عددی,گارانتی اصالت و سلامت فیزیکی کالا,ندارد,دارد,بیمارستان,12,24500-33000
ماسک تنفسی اریا سلامت نفس مدل mlt بسته 50 عددی,گارانتی اصالت و سلامت فیزیکی کالا,ندارد,دارد,عمومی,12,24500-33000
ماسک تنفسی انزانی مدل edb03 بسته 10 عددی,گارانتی اصالت و سلامت فیزیکی کالا,ندارد,ندارد,بیمارستان,8,7000-12000
ماسک تنفسی انزانی مدل edb03 بسته 10 عددی,گارانتی اصالت و سلامت فیزیکی کالا,ندارد,ندارد,عمومی,8,7000-12000
ماسک تنفسی فراز مهر مدل fz1 بسته 50 عددی,گارانتی اصالت و سلامت فیزیکی کالا,ندارد,ندارد,بیمارستان,9,34000-40000
ماسک تنفسی فراز مهر مدل fz1 بسته 50 عددی,گارانتی اصالت و سلامت فیزیکی کالا,ندارد,ندارد,عمومی,9,34000-40000
ماسک تنفسی انزانی مدل eyl07 بسته 10 عددی,گارانتی اصالت و سلامت فیزیکی کالا,ندارد,ندارد,بیمارستان,8,7000-12000
ماسک تنفسی انزانی مدل eyl07 بسته 10 عددی,گارانتی اصالت و سلامت فیزیکی کالا,ندارد,ندارد,عمومی,8,7000-12000
ماسک تنفسی انزانی مدل fnd 02 بسته 50 عددیغیر اصل,گارانتی سلامت فیزیکی کالا,ندارد,دارد,بیمارستان,7,48900-50000
ماسک تنفسی انزانی مدل fnd 02 بسته 50 عددیغیر اصل,گارانتی سلامت فیزیکی کالا,ندارد,دارد,نجاری,7,48900-50000
ماسک تنفسی انزانی مدل fnd 02 بسته 50 عددیغیر اصل,گارانتی سلامت فیزیکی کالا,ندارد,دارد,ساختمانی,7,48900-50000
ماسک تنفسی انزانی مدل fnd 02 بسته 50 عددیغیر اصل,گارانتی سلامت فیزیکی کالا,ندارد,دارد,جوشکاری,7,48900-50000
ماسک تنفسی انزانی مدل fnd 02 بسته 50 عددیغیر اصل,گارانتی سلامت فیزیکی کالا,ندارد,دارد,تراشکاری,7,48900-50000
ماسک تنفسی انزانی مدل fnd 02 بسته 50 عددیغیر اصل,گارانتی سلامت فیزیکی کالا,ندارد,دارد,عمومی,7,48900-50000
"کاور نگهدارنده ماسک صورت مدل w,01",گارانتی اصالت و سلامت فیزیکی کالا,ندارد,ندارد,بیمارستان,10,1950-6000
"کاور نگهدارنده ماسک صورت مدل w,01",گارانتی اصالت و سلامت فیزیکی کالا,ندارد,ندارد,عمومی,10,1950-6000
ماسک تنفسی می ماسک مدل 7020 بسته 100 عددی,گارانتی اصالت و سلامت فیزیکی کالا,ندارد,دارد,بیمارستان,15,86000-86000
ماسک تنفسی می ماسک مدل 7020 بسته 100 عددی,گارانتی اصالت و سلامت فیزیکی کالا,ندارد,دارد,عمومی,15,86000-86000
ماسک تنفسی انزانی مدل lv02 بسته 10 عددیغیر اصل,گارانتی سلامت فیزیکی کالا,ندارد,دارد,بیمارستان,8,7000-12000
ماسک تنفسی انزانی مدل lv02 بسته 10 عددیغیر اصل,گارانتی سلامت فیزیکی کالا,ندارد,دارد,نجاری,8,7000-12000
ماسک تنفسی انزانی مدل lv02 بسته 10 عددیغیر اصل,گارانتی سلامت فیزیکی کالا,ندارد,دارد,ساختمانی,8,7000-12000
ماسک تنفسی انزانی مدل lv02 بسته 10 عددیغیر اصل,گارانتی سلامت فیزیکی کالا,ندارد,دارد,جوشکاری,8,7000-12000
ماسک تنفسی انزانی مدل lv02 بسته 10 عددیغیر اصل,گارانتی سلامت فیزیکی کالا,ندارد,دارد,تراشکاری,8,7000-12000
ماسک تنفسی انزانی مدل lv02 بسته 10 عددیغیر اصل,گارانتی سلامت فیزیکی کالا,ندارد,دارد,عمومی,8,7000-12000
ماسک تنفسی وحدت مدل ملت بلون بسته 50 عددی,گارانتی اصالت و سلامت فیزیکی کالا,ندارد,ندارد,بیمارستان,12,24500-33000
ماسک تنفسی وحدت مدل ملت بلون بسته 50 عددی,گارانتی اصالت و سلامت فیزیکی کالا,ندارد,ندارد,عمومی,12,24500-33000
ماسک تنفسی مدل e105 بسته 50 عددی,گارانتی اصالت و سلامت فیزیکی کالا,دارد,ندارد,عمومی,13,17000-24000
ماسک تنفسی انزانی مدل er01 بسته 10 عددی,گارانتی اصالت و سلامت فیزیکی کالا,ندارد,ندارد,بیمارستان,8,7000-12000
ماسک تنفسی انزانی مدل er01 بسته 10 عددی,گارانتی اصالت و سلامت فیزیکی کالا,ندارد,ندارد,عمومی,8,7000-12000
ماسک تنفسی انزانی مدل g09 بسته 50 عددی,گارانتی اصالت و سلامت فیزیکی کالا,ندارد,دارد,بیمارستان,7,48900-50000
ماسک تنفسی انزانی مدل g09 بسته 50 عددی,گارانتی اصالت و سلامت فیزیکی کالا,ندارد,دارد,نجاری,7,48900-50000
ماسک تنفسی انزانی مدل g09 بسته 50 عددی,گارانتی اصالت و سلامت فیزیکی کالا,ندارد,دارد,ساختمانی,7,48900-50000
ماسک تنفسی انزانی مدل g09 بسته 50 عددی,گارانتی اصالت و سلامت فیزیکی کالا,ندارد,دارد,جوشکاری,7,48900-50000
ماسک تنفسی انزانی مدل g09 بسته 50 عددی,گارانتی اصالت و سلامت فیزیکی کالا,ندارد,دارد,تراشکاری,7,48900-50000
ماسک تنفسی انزانی مدل g09 بسته 50 عددی,گارانتی اصالت و سلامت فیزیکی کالا,ندارد,دارد,عمومی,7,48900-50000
ماسک تنفسی پدران سبز مدل m i r بسته 50 عددی,گارانتی اصالت و سلامت فیزیکی کالا,ندارد,ندارد,بیمارستان,12,24500-33000
ماسک تنفسی پدران سبز مدل m i r بسته 50 عددی,گارانتی اصالت و سلامت فیزیکی کالا,ندارد,ندارد,عمومی,12,24500-33000
"کاور نگهدارنده ماسک صورت مدل pi,01",گارانتی اصالت و سلامت فیزیکی کالا,ندارد,ندارد,بیمارستان,10,1950-6000
"کاور نگهدارنده ماسک صورت مدل pi,01",گارانتی اصالت و سلامت فیزیکی کالا,ندارد,ندارد,عمومی,10,1950-6000
"ماسک تنفسی پلیمد مدل mlt,sbz بسته 50 عددی",گارانتی اصالت و سلامت فیزیکی کالا,ندارد,ندارد,بیمارستان,7,48900-50000
"ماسک تنفسی پلیمد مدل mlt,sbz بسته 50 عددی",گارانتی اصالت و سلامت فیزیکی کالا,ندارد,ندارد,عمومی,7,48900-50000
ماسک تنفسی کودک مدل 01 بسته 50 عددی,سرویس ویژه دیجی کالا: 7 روز تضمین بازگشت کالا,ندارد,دارد,بیمارستان,7,48900-50000
ماسک تنفسی کودک مدل 01 بسته 50 عددی,سرویس ویژه دیجی کالا: 7 روز تضمین بازگشت کالا,ندارد,دارد,عمومی,7,48900-50000
ماسک تنفسی سبلان مدل dwmlt بسته 100 عددی,گارانتی اصالت و سلامت فیزیکی کالا,ندارد,ندارد,بیمارستان,11,42000-47000
ماسک تنفسی سبلان مدل dwmlt بسته 100 عددی,گارانتی اصالت و سلامت فیزیکی کالا,ندارد,ندارد,عمومی,11,42000-47000
ماسک تنفسی کد 00252 بسته 5 عددی,سرویس ویژه دیجی کالا: 7 روز تضمین بازگشت کالا,ندارد,ندارد,عمومی,10,1950-6000
ماسک تنفسی مدل bms20 بسته 50 عددی,گارانتی اصالت و سلامت فیزیکی کالا,ندارد,دارد,بیمارستان,7,48900-50000
ماسک تنفسی مدل bms20 بسته 50 عددی,گارانتی اصالت و سلامت فیزیکی کالا,ندارد,دارد,عمومی,7,48900-50000
ماسک تنفسی کودک مدل cat2 بسته 10 عددیغیر اصل,گارانتی سلامت فیزیکی کالا,ندارد,ندارد,بیمارستان,8,7000-12000
ماسک تنفسی کودک مدل cat2 بسته 10 عددیغیر اصل,گارانتی سلامت فیزیکی کالا,ندارد,ندارد,عمومی,8,7000-12000
"کاور نگهدارنده ماسک صورت مدل r,01",گارانتی اصالت و سلامت فیزیکی کالا,ندارد,ندارد,بیمارستان,10,1950-6000
"کاور نگهدارنده ماسک صورت مدل r,01",گارانتی اصالت و سلامت فیزیکی کالا,ندارد,ندارد,عمومی,10,1950-6000
ماسک تنفسی انزانی مدل ebr04 بسته 10 عددی,گارانتی اصالت و سلامت فیزیکی کالا,ندارد,ندارد,بیمارستان,8,7000-12000
ماسک تنفسی انزانی مدل ebr04 بسته 10 عددی,گارانتی اصالت و سلامت فیزیکی کالا,ندارد,ندارد,عمومی,8,7000-12000
ماسک تنفسی مدل ms بسته 50 عددی,گارانتی اصالت و سلامت فیزیکی کالا,ندارد,ندارد,بیمارستان,9,34000-40000
ماسک تنفسی مدل ms بسته 50 عددی,گارانتی اصالت و سلامت فیزیکی کالا,ندارد,ندارد,عمومی,9,34000-40000
"ماسک تنفسی کارومد مدل m,269 بسته 50 عددی",گارانتی اصالت و سلامت فیزیکی کالا,ندارد,دارد,بیمارستان,11,42000-47000
"ماسک تنفسی کارومد مدل m,269 بسته 50 عددی",گارانتی اصالت و سلامت فیزیکی کالا,ندارد,دارد,عمومی,11,42000-47000
"کاور نگهدارنده ماسک صورت مدل g,01",گارانتی اصالت و سلامت فیزیکی کالا,ندارد,ندارد,بیمارستان,10,1950-6000
"کاور نگهدارنده ماسک صورت مدل g,01",گارانتی اصالت و سلامت فیزیکی کالا,ندارد,ندارد,عمومی,10,1950-6000
ماسک تنفسی تکتا مدل blkm25 بسته 50 عددی,گارانتی اصالت و سلامت فیزیکی کالا,ندارد,دارد,بیمارستان,9,34000-40000
ماسک تنفسی تکتا مدل blkm25 بسته 50 عددی,گارانتی اصالت و سلامت فیزیکی کالا,ندارد,دارد,عمومی,9,34000-40000
ماسک تنفسی کودک نیک رای مدل s04 مجموعه 50 عددی,گارانتی اصالت و سلامت فیزیکی کالا,ندارد,ندارد,بیمارستان,7,48900-50000
ماسک تنفسی کودک نیک رای مدل s04 مجموعه 50 عددی,گارانتی اصالت و سلامت فیزیکی کالا,ندارد,ندارد,عمومی,7,48900-50000
"ماسک تنفسی مدل ssmms,1 بسته 50 عددی",گارانتی 12 ماهه سازگار,ندارد,ندارد,بیمارستان,7,48900-50000
"ماسک تنفسی مدل ssmms,1 بسته 50 عددی",گارانتی 12 ماهه سازگار,ندارد,ندارد,عمومی,7,48900-50000
ماسک تنفسی می ماسک مدل 8020 بسته 100 عددی,گارانتی اصالت و سلامت فیزیکی کالا,ندارد,دارد,بیمارستان,15,86000-86000
ماسک تنفسی می ماسک مدل 8020 بسته 100 عددی,گارانتی اصالت و سلامت فیزیکی کالا,ندارد,دارد,عمومی,15,86000-86000
نگهدارنده ماسک مدل r5 مجموعه 5 عددی,گارانتی اصالت و سلامت فیزیکی کالا,ندارد,ندارد,بیمارستان,8,7000-12000
نگهدارنده ماسک مدل r5 مجموعه 5 عددی,گارانتی اصالت و سلامت فیزیکی کالا,ندارد,ندارد,عمومی,8,7000-12000
ماسک تنفسی انزانی مدل egr11 بسته 10,گارانتی اصالت و سلامت فیزیکی کالا,ندارد,ندارد,بیمارستان,8,7000-12000
ماسک تنفسی انزانی مدل egr11 بسته 10,گارانتی اصالت و سلامت فیزیکی کالا,ندارد,ندارد,نجاری,8,7000-12000
ماسک تنفسی انزانی مدل egr11 بسته 10,گارانتی اصالت و سلامت فیزیکی کالا,ندارد,ندارد,ساختمانی,8,7000-12000
ماسک تنفسی انزانی مدل egr11 بسته 10,گارانتی اصالت و سلامت فیزیکی کالا,ندارد,ندارد,جوشکاری,8,7000-12000
ماسک تنفسی انزانی مدل egr11 بسته 10,گارانتی اصالت و سلامت فیزیکی کالا,ندارد,ندارد,تراشکاری,8,7000-12000
ماسک تنفسی انزانی مدل egr11 بسته 10,گارانتی اصالت و سلامت فیزیکی کالا,ندارد,ندارد,عمومی,8,7000-12000
"ماسک تنفسی مدل vnmp,03 بسته 50 عددی",سرویس ویژه دیجی کالا: 7 روز تضمین بازگشت کالا,ندارد,ندارد,بیمارستان,12,24500-33000
"ماسک تنفسی مدل vnmp,03 بسته 50 عددی",سرویس ویژه دیجی کالا: 7 روز تضمین بازگشت کالا,ندارد,ندارد,عمومی,12,24500-33000
ماسک تنفسی انزانی مدل fnd01 بسته 10 عددیغیر اصل,گارانتی سلامت فیزیکی کالا,ندارد,دارد,بیمارستان,8,7000-12000
ماسک تنفسی انزانی مدل fnd01 بسته 10 عددیغیر اصل,گارانتی سلامت فیزیکی کالا,ندارد,دارد,نجاری,8,7000-12000
ماسک تنفسی انزانی مدل fnd01 بسته 10 عددیغیر اصل,گارانتی سلامت فیزیکی کالا,ندارد,دارد,ساختمانی,8,7000-12000
ماسک تنفسی انزانی مدل fnd01 بسته 10 عددیغیر اصل,گارانتی سلامت فیزیکی کالا,ندارد,دارد,جوشکاری,8,7000-12000
ماسک تنفسی انزانی مدل fnd01 بسته 10 عددیغیر اصل,گارانتی سلامت فیزیکی کالا,ندارد,دارد,تراشکاری,8,7000-12000
ماسک تنفسی انزانی مدل fnd01 بسته 10 عددیغیر اصل,گارانتی سلامت فیزیکی کالا,ندارد,دارد,عمومی,8,7000-12000
ماسک تنفسی ارشان طب مدل ams بسته 50 عددی,گارانتی اصالت و سلامت فیزیکی کالا,ندارد,ندارد,بیمارستان,12,24500-33000
ماسک تنفسی ارشان طب مدل ams بسته 50 عددی,گارانتی اصالت و سلامت فیزیکی کالا,ندارد,ندارد,عمومی,12,24500-33000
ماسک تنفسی انزانی مدل ely09 بسته 10 عددی,گارانتی اصالت و سلامت فیزیکی کالا,ندارد,ندارد,بیمارستان,8,7000-12000
ماسک تنفسی انزانی مدل ely09 بسته 10 عددی,گارانتی اصالت و سلامت فیزیکی کالا,ندارد,ندارد,عمومی,8,7000-12000
ماسک تنفسی انزانی مدل oz15 بسته 50 عددی,گارانتی اصالت و سلامت فیزیکی کالا,ندارد,دارد,بیمارستان,7,48900-50000
ماسک تنفسی انزانی مدل oz15 بسته 50 عددی,گارانتی اصالت و سلامت فیزیکی کالا,ندارد,دارد,نجاری,7,48900-50000
ماسک تنفسی انزانی مدل oz15 بسته 50 عددی,گارانتی اصالت و سلامت فیزیکی کالا,ندارد,دارد,ساختمانی,7,48900-50000
ماسک تنفسی انزانی مدل oz15 بسته 50 عددی,گارانتی اصالت و سلامت فیزیکی کالا,ندارد,دارد,جوشکاری,7,48900-50000
ماسک تنفسی انزانی مدل oz15 بسته 50 عددی,گارانتی اصالت و سلامت فیزیکی کالا,ندارد,دارد,تراشکاری,7,48900-50000
ماسک تنفسی انزانی مدل oz15 بسته 50 عددی,گارانتی اصالت و سلامت فیزیکی کالا,ندارد,دارد,عمومی,7,48900-50000
ماسک تنفسی کد 2765 بسته 20 عددی,گارانتی اصالت و سلامت فیزیکی کالا,ندارد,ندارد,عمومی,8,7000-12000
ماسک تنفسی انزانی مدل fr01 بسته بندی 50 عددی,گارانتی اصالت و سلامت فیزیکی کالا,ندارد,دارد,بیمارستان,7,48900-50000
ماسک تنفسی انزانی مدل fr01 بسته بندی 50 عددی,گارانتی اصالت و سلامت فیزیکی کالا,ندارد,دارد,نجاری,7,48900-50000
ماسک تنفسی انزانی مدل fr01 بسته بندی 50 عددی,گارانتی اصالت و سلامت فیزیکی کالا,ندارد,دارد,ساختمانی,7,48900-50000
ماسک تنفسی انزانی مدل fr01 بسته بندی 50 عددی,گارانتی اصالت و سلامت فیزیکی کالا,ندارد,دارد,جوشکاری,7,48900-50000
ماسک تنفسی انزانی مدل fr01 بسته بندی 50 عددی,گارانتی اصالت و سلامت فیزیکی کالا,ندارد,دارد,تراشکاری,7,48900-50000
ماسک تنفسی انزانی مدل fr01 بسته بندی 50 عددی,گارانتی اصالت و سلامت فیزیکی کالا,ندارد,دارد,عمومی,7,48900-50000
ماسک تنفسی پدران سبز مدل almira بسته 30 عددی,گارانتی اصالت و سلامت فیزیکی کالا,ندارد,ندارد,بیمارستان,13,17000-24000
ماسک تنفسی پدران سبز مدل almira بسته 30 عددی,گارانتی اصالت و سلامت فیزیکی کالا,ندارد,ندارد,عمومی,13,17000-24000
ماسک تنفسی کودک مدل p02 بسته 50 عددیغیر اصل,گارانتی سلامت فیزیکی کالا,ندارد,ندارد,بیمارستان,11,42000-47000
ماسک تنفسی کودک مدل p02 بسته 50 عددیغیر اصل,گارانتی سلامت فیزیکی کالا,ندارد,ندارد,عمومی,11,42000-47000
ماسک تنفسی کودک مدل cat1 بسته 10 عددیغیر اصل,گارانتی سلامت فیزیکی کالا,ندارد,ندارد,بیمارستان,8,7000-12000
ماسک تنفسی کودک مدل cat1 بسته 10 عددیغیر اصل,گارانتی سلامت فیزیکی کالا,ندارد,ندارد,عمومی,8,7000-12000
"ماسک تنفسی دکتر کرست مدل drc,black50 بسته 50 عددی",گارانتی اصالت و سلامت فیزیکی کالا,ندارد,دارد,بیمارستان,7,48900-50000
"ماسک تنفسی دکتر کرست مدل drc,black50 بسته 50 عددی",گارانتی اصالت و سلامت فیزیکی کالا,ندارد,دارد,نجاری,7,48900-50000
"ماسک تنفسی دکتر کرست مدل drc,black50 بسته 50 عددی",گارانتی اصالت و سلامت فیزیکی کالا,ندارد,دارد,ساختمانی,7,48900-50000
"ماسک تنفسی دکتر کرست مدل drc,black50 بسته 50 عددی",گارانتی اصالت و سلامت فیزیکی کالا,ندارد,دارد,جوشکاری,7,48900-50000
"ماسک تنفسی دکتر کرست مدل drc,black50 بسته 50 عددی",گارانتی اصالت و سلامت فیزیکی کالا,ندارد,دارد,تراشکاری,7,48900-50000
"ماسک تنفسی دکتر کرست مدل drc,black50 بسته 50 عددی",گارانتی اصالت و سلامت فیزیکی کالا,ندارد,دارد,عمومی,7,48900-50000
ماسک تنفسی سبلان مدل pamlt بسته 50 عددی,گارانتی اصالت و سلامت فیزیکی کالا,ندارد,ندارد,بیمارستان,12,24500-33000
ماسک تنفسی سبلان مدل pamlt بسته 50 عددی,گارانتی اصالت و سلامت فیزیکی کالا,ندارد,ندارد,عمومی,12,24500-33000
"کاور نگهدارنده ماسک صورت مدل y,01",گارانتی اصالت و سلامت فیزیکی کالا,ندارد,ندارد,بیمارستان,10,1950-6000
"کاور نگهدارنده ماسک صورت مدل y,01",گارانتی اصالت و سلامت فیزیکی کالا,ندارد,ندارد,عمومی,10,1950-6000
"ماسک تنفسی سینا طب مدل vnmp,01 بسته 50 عددی",سرویس ویژه دیجی کالا: 7 روز تضمین بازگشت کالا,ندارد,ندارد,بیمارستان,9,34000-40000
"ماسک تنفسی سینا طب مدل vnmp,01 بسته 50 عددی",سرویس ویژه دیجی کالا: 7 روز تضمین بازگشت کالا,ندارد,ندارد,عمومی,9,34000-40000
ماسک تنفسی انزانی مدل ebu06 بسته 10 عددی,گارانتی اصالت و سلامت فیزیکی کالا,ندارد,ندارد,بیمارستان,8,7000-12000
ماسک تنفسی انزانی مدل ebu06 بسته 10 عددی,گارانتی اصالت و سلامت فیزیکی کالا,ندارد,ندارد,عمومی,8,7000-12000
ماسک تنفسی پلیمد مدل ab بسته 50 عددی,گارانتی اصالت و سلامت فیزیکی کالا,ندارد,ندارد,بیمارستان,7,48900-50000
ماسک تنفسی پلیمد مدل ab بسته 50 عددی,گارانتی اصالت و سلامت فیزیکی کالا,ندارد,ندارد,عمومی,7,48900-50000
ماسک تنفسی مدل i 1586 بسته 10 عددی,سرویس ویژه دیجی کالا: 7 روز تضمین بازگشت کالا,ندارد,ندارد,عمومی,10,1950-6000
ماسک تنفسی مدل sss بسته 50 عددی,سرویس ویژه دیجی کالا: 7 روز تضمین بازگشت کالا,ندارد,ندارد,جوشکاری,12,24500-33000
ماسک تنفسی مدل sss بسته 50 عددی,سرویس ویژه دیجی کالا: 7 روز تضمین بازگشت کالا,ندارد,ندارد,تراشکاری,12,24500-33000
ماسک تنفسی مدل sss بسته 50 عددی,سرویس ویژه دیجی کالا: 7 روز تضمین بازگشت کالا,ندارد,ندارد,نجاری,12,24500-33000
ماسک تنفسی مدل ملت بلون بسته 50 عددی,گارانتی اصالت و سلامت فیزیکی کالا,ندارد,دارد,بیمارستان,13,17000-24000
ماسک تنفسی مدل ملت بلون بسته 50 عددی,گارانتی اصالت و سلامت فیزیکی کالا,ندارد,دارد,عمومی,13,17000-24000
ماسک تنفسی مدل ebl01,سرویس ویژه دیجی کالا: 7 روز تضمین بازگشت کالا,ندارد,ندارد,بیمارستان,8,7000-12000
ماسک تنفسی مدل ebl01,سرویس ویژه دیجی کالا: 7 روز تضمین بازگشت کالا,ندارد,ندارد,نجاری,8,7000-12000
ماسک تنفسی مدل ebl01,سرویس ویژه دیجی کالا: 7 روز تضمین بازگشت کالا,ندارد,ندارد,ساختمانی,8,7000-12000
ماسک تنفسی مدل ebl01,سرویس ویژه دیجی کالا: 7 روز تضمین بازگشت کالا,ندارد,ندارد,جوشکاری,8,7000-12000
ماسک تنفسی مدل ebl01,سرویس ویژه دیجی کالا: 7 روز تضمین بازگشت کالا,ندارد,ندارد,تراشکاری,8,7000-12000
ماسک تنفسی مدل ebl01,سرویس ویژه دیجی کالا: 7 روز تضمین بازگشت کالا,ندارد,ندارد,عمومی,8,7000-12000
"ماسک تنفسی ادا مدل ad,mlt بسته 50 عددی",گارانتی اصالت و سلامت فیزیکی کالا,ندارد,ندارد,بیمارستان,12,24500-33000
"ماسک تنفسی ادا مدل ad,mlt بسته 50 عددی",گارانتی اصالت و سلامت فیزیکی کالا,ندارد,ندارد,عمومی,12,24500-33000
ماسک تنفسی انزانی مدل lbl06 بسته 50 عددی,گارانتی اصالت و سلامت فیزیکی کالا,ندارد,ندارد,بیمارستان,7,48900-50000
ماسک تنفسی انزانی مدل lbl06 بسته 50 عددی,گارانتی اصالت و سلامت فیزیکی کالا,ندارد,ندارد,نجاری,7,48900-50000
ماسک تنفسی انزانی مدل lbl06 بسته 50 عددی,گارانتی اصالت و سلامت فیزیکی کالا,ندارد,ندارد,ساختمانی,7,48900-50000
ماسک تنفسی انزانی مدل lbl06 بسته 50 عددی,گارانتی اصالت و سلامت فیزیکی کالا,ندارد,ندارد,جوشکاری,7,48900-50000
ماسک تنفسی انزانی مدل lbl06 بسته 50 عددی,گارانتی اصالت و سلامت فیزیکی کالا,ندارد,ندارد,تراشکاری,7,48900-50000
ماسک تنفسی انزانی مدل lbl06 بسته 50 عددی,گارانتی اصالت و سلامت فیزیکی کالا,ندارد,ندارد,عمومی,7,48900-50000
ماسک تنفسی می ماسک مدل 8020 بسته 50 عددی,گارانتی اصالت و سلامت فیزیکی کالا,ندارد,دارد,بیمارستان,11,42000-47000
ماسک تنفسی می ماسک مدل 8020 بسته 50 عددی,گارانتی اصالت و سلامت فیزیکی کالا,ندارد,دارد,عمومی,11,42000-47000
ماسک تنفسی انزانی مدل egr12 بسته 10,گارانتی اصالت و سلامت فیزیکی کالا,ندارد,ندارد,بیمارستان,8,7000-12000
ماسک تنفسی انزانی مدل egr12 بسته 10,گارانتی اصالت و سلامت فیزیکی کالا,ندارد,ندارد,نجاری,8,7000-12000
ماسک تنفسی انزانی مدل egr12 بسته 10,گارانتی اصالت و سلامت فیزیکی کالا,ندارد,ندارد,ساختمانی,8,7000-12000
ماسک تنفسی انزانی مدل egr12 بسته 10,گارانتی اصالت و سلامت فیزیکی کالا,ندارد,ندارد,جوشکاری,8,7000-12000
ماسک تنفسی انزانی مدل egr12 بسته 10,گارانتی اصالت و سلامت فیزیکی کالا,ندارد,ندارد,تراشکاری,8,7000-12000
ماسک تنفسی انزانی مدل egr12 بسته 10,گارانتی اصالت و سلامت فیزیکی کالا,ندارد,ندارد,عمومی,8,7000-12000
ماسک تنفسی انزانی مدل w13 بسته 50 عددی,گارانتی اصالت و سلامت فیزیکی کالا,ندارد,ندارد,بیمارستان,7,48900-50000
ماسک تنفسی انزانی مدل w13 بسته 50 عددی,گارانتی اصالت و سلامت فیزیکی کالا,ندارد,ندارد,نجاری,7,48900-50000
ماسک تنفسی انزانی مدل w13 بسته 50 عددی,گارانتی اصالت و سلامت فیزیکی کالا,ندارد,ندارد,ساختمانی,7,48900-50000
ماسک تنفسی انزانی مدل w13 بسته 50 عددی,گارانتی اصالت و سلامت فیزیکی کالا,ندارد,ندارد,جوشکاری,7,48900-50000
ماسک تنفسی انزانی مدل w13 بسته 50 عددی,گارانتی اصالت و سلامت فیزیکی کالا,ندارد,ندارد,تراشکاری,7,48900-50000
ماسک تنفسی انزانی مدل w13 بسته 50 عددی,گارانتی اصالت و سلامت فیزیکی کالا,ندارد,ندارد,عمومی,7,48900-50000
"ماسک تنفسی ویست بند مدل vnmp,02 بسته 50 عددی",سرویس ویژه دیجی کالا: 7 روز تضمین بازگشت کالا,ندارد,ندارد,بیمارستان,11,42000-47000
"ماسک تنفسی ویست بند مدل vnmp,02 بسته 50 عددی",سرویس ویژه دیجی کالا: 7 روز تضمین بازگشت کالا,ندارد,ندارد,عمومی,11,42000-47000
ماسک تنفسی مدل ssmms بسته 100 عددی,گارانتی اصالت و سلامت فیزیکی کالا,ندارد,دارد,عمومی,16,59800-60000
ماسک تنفسی مدل mz بسته 50 عددی,گارانتی اصالت و سلامت فیزیکی کالا,ندارد,ندارد,بیمارستان,11,42000-47000
ماسک تنفسی مدل mz بسته 50 عددی,گارانتی اصالت و سلامت فیزیکی کالا,ندارد,ندارد,عمومی,11,42000-47000
ماسک تنفسی مدل r0037 بسته 3 عددی,گارانتی اصالت و سلامت فیزیکی کالا,دارد,ندارد,عمومی,10,1950-6000
ماسک تنفسی انزانی مدل gr10 بسته 50 عددی,گارانتی اصالت و سلامت فیزیکی کالا,ندارد,ندارد,بیمارستان,7,48900-50000
ماسک تنفسی انزانی مدل gr10 بسته 50 عددی,گارانتی اصالت و سلامت فیزیکی کالا,ندارد,ندارد,نجاری,7,48900-50000
ماسک تنفسی انزانی مدل gr10 بسته 50 عددی,گارانتی اصالت و سلامت فیزیکی کالا,ندارد,ندارد,ساختمانی,7,48900-50000
ماسک تنفسی انزانی مدل gr10 بسته 50 عددی,گارانتی اصالت و سلامت فیزیکی کالا,ندارد,ندارد,جوشکاری,7,48900-50000
ماسک تنفسی انزانی مدل gr10 بسته 50 عددی,گارانتی اصالت و سلامت فیزیکی کالا,ندارد,ندارد,تراشکاری,7,48900-50000
ماسک تنفسی انزانی مدل gr10 بسته 50 عددی,گارانتی اصالت و سلامت فیزیکی کالا,ندارد,ندارد,عمومی,7,48900-50000
ماسک تنفسی تکتا مدل m25 بسته 50 عددی,گارانتی اصالت و سلامت فیزیکی کالا,ندارد,دارد,بیمارستان,12,24500-33000
ماسک تنفسی تکتا مدل m25 بسته 50 عددی,گارانتی اصالت و سلامت فیزیکی کالا,ندارد,دارد,عمومی,12,24500-33000
ماسک تنفسی کد 6389 بسته 8 عددی,سرویس ویژه دیجی کالا: 7 روز تضمین بازگشت کالا,دارد,ندارد,عمومی,10,1950-6000
ماسک تنفسی انزانی مدل eni13 بسته 10 عددی,سرویس ویژه دیجی کالا: 7 روز تضمین بازگشت کالا,ندارد,ندارد,بیمارستان,8,7000-12000
ماسک تنفسی انزانی مدل eni13 بسته 10 عددی,سرویس ویژه دیجی کالا: 7 روز تضمین بازگشت کالا,ندارد,ندارد,نجاری,8,7000-12000
ماسک تنفسی انزانی مدل eni13 بسته 10 عددی,سرویس ویژه دیجی کالا: 7 روز تضمین بازگشت کالا,ندارد,ندارد,ساختمانی,8,7000-12000
ماسک تنفسی انزانی مدل eni13 بسته 10 عددی,سرویس ویژه دیجی کالا: 7 روز تضمین بازگشت کالا,ندارد,ندارد,جوشکاری,8,7000-12000
ماسک تنفسی انزانی مدل eni13 بسته 10 عددی,سرویس ویژه دیجی کالا: 7 روز تضمین بازگشت کالا,ندارد,ندارد,تراشکاری,8,7000-12000
ماسک تنفسی انزانی مدل eni13 بسته 10 عددی,سرویس ویژه دیجی کالا: 7 روز تضمین بازگشت کالا,ندارد,ندارد,عمومی,8,7000-12000
ماسک تنفسی انزانی مدل ly07 بسته 50 عددی,گارانتی اصالت و سلامت فیزیکی کالا,ندارد,دارد,بیمارستان,7,48900-50000
ماسک تنفسی انزانی مدل ly07 بسته 50 عددی,گارانتی اصالت و سلامت فیزیکی کالا,ندارد,دارد,نجاری,7,48900-50000
ماسک تنفسی انزانی مدل ly07 بسته 50 عددی,گارانتی اصالت و سلامت فیزیکی کالا,ندارد,دارد,ساختمانی,7,48900-50000
ماسک تنفسی انزانی مدل ly07 بسته 50 عددی,گارانتی اصالت و سلامت فیزیکی کالا,ندارد,دارد,جوشکاری,7,48900-50000
ماسک تنفسی انزانی مدل ly07 بسته 50 عددی,گارانتی اصالت و سلامت فیزیکی کالا,ندارد,دارد,تراشکاری,7,48900-50000
ماسک تنفسی انزانی مدل ly07 بسته 50 عددی,گارانتی اصالت و سلامت فیزیکی کالا,ندارد,دارد,عمومی,7,48900-50000
ماسک تنفسی انزانی مدل br04 بسته 50 عددی,گارانتی اصالت و سلامت فیزیکی کالا,ندارد,ندارد,بیمارستان,7,48900-50000
ماسک تنفسی انزانی مدل br04 بسته 50 عددی,گارانتی اصالت و سلامت فیزیکی کالا,ندارد,ندارد,نجاری,7,48900-50000
ماسک تنفسی انزانی مدل br04 بسته 50 عددی,گارانتی اصالت و سلامت فیزیکی کالا,ندارد,ندارد,ساختمانی,7,48900-50000
ماسک تنفسی انزانی مدل br04 بسته 50 عددی,گارانتی اصالت و سلامت فیزیکی کالا,ندارد,ندارد,جوشکاری,7,48900-50000
ماسک تنفسی انزانی مدل br04 بسته 50 عددی,گارانتی اصالت و سلامت فیزیکی کالا,ندارد,ندارد,تراشکاری,7,48900-50000
ماسک تنفسی انزانی مدل br04 بسته 50 عددی,گارانتی اصالت و سلامت فیزیکی کالا,ندارد,ندارد,عمومی,7,48900-50000
"کاور نگهدارنده ماسک صورت مدل r,03 بسته 3 عددی",گارانتی اصالت و سلامت فیزیکی کالا,ندارد,ندارد,بیمارستان,8,7000-12000
"کاور نگهدارنده ماسک صورت مدل r,03 بسته 3 عددی",گارانتی اصالت و سلامت فیزیکی کالا,ندارد,ندارد,عمومی,8,7000-12000
"نگهدارنده ماسک صورت مدل w,03 بسته 3 عددی",گارانتی اصالت و سلامت فیزیکی کالا,ندارد,ندارد,بیمارستان,8,7000-12000
"نگهدارنده ماسک صورت مدل w,03 بسته 3 عددی",گارانتی اصالت و سلامت فیزیکی کالا,ندارد,ندارد,عمومی,8,7000-12000
ماسک تنفسی مدل m01 بسته 10 عددی,سرویس ویژه دیجی کالا: 7 روز تضمین بازگشت کالا,ندارد,ندارد,عمومی,10,1950-6000
ماسک تنفسی انزانی مدل bu05 بسته 50 عددی,گارانتی اصالت و سلامت فیزیکی کالا,ندارد,ندارد,بیمارستان,7,48900-50000
ماسک تنفسی انزانی مدل bu05 بسته 50 عددی,گارانتی اصالت و سلامت فیزیکی کالا,ندارد,ندارد,نجاری,7,48900-50000
ماسک تنفسی انزانی مدل bu05 بسته 50 عددی,گارانتی اصالت و سلامت فیزیکی کالا,ندارد,ندارد,ساختمانی,7,48900-50000
ماسک تنفسی انزانی مدل bu05 بسته 50 عددی,گارانتی اصالت و سلامت فیزیکی کالا,ندارد,ندارد,جوشکاری,7,48900-50000
ماسک تنفسی انزانی مدل bu05 بسته 50 عددی,گارانتی اصالت و سلامت فیزیکی کالا,ندارد,ندارد,تراشکاری,7,48900-50000
ماسک تنفسی انزانی مدل bu05 بسته 50 عددی,گارانتی اصالت و سلامت فیزیکی کالا,ندارد,ندارد,عمومی,7,48900-50000
ماسک تنفسی مدل sbln بسته 100 عددی,سرویس ویژه دیجی کالا: 7 روز تضمین بازگشت کالا,ندارد,ندارد,بیمارستان,11,42000-47000
ماسک تنفسی مدل sbln بسته 100 عددی,سرویس ویژه دیجی کالا: 7 روز تضمین بازگشت کالا,ندارد,ندارد,نجاری,11,42000-47000
ماسک تنفسی مدل sbln بسته 100 عددی,سرویس ویژه دیجی کالا: 7 روز تضمین بازگشت کالا,ندارد,ندارد,ساختمانی,11,42000-47000
ماسک تنفسی مدل sbln بسته 100 عددی,سرویس ویژه دیجی کالا: 7 روز تضمین بازگشت کالا,ندارد,ندارد,تراشکاری,11,42000-47000
ماسک تنفسی مدل sbln بسته 100 عددی,سرویس ویژه دیجی کالا: 7 روز تضمین بازگشت کالا,ندارد,ندارد,عمومی,11,42000-47000
ماسک تنفسی گلدیس مدل ssms01 بسته 50 عددی,گارانتی اصالت و سلامت فیزیکی کالا,ندارد,ندارد,بیمارستان,12,24500-33000
ماسک تنفسی گلدیس مدل ssms01 بسته 50 عددی,گارانتی اصالت و سلامت فیزیکی کالا,ندارد,ندارد,عمومی,12,24500-33000
ماسک تنفسی انزانی مدل ni11 بسته 50 عددی,گارانتی اصالت و سلامت فیزیکی کالا,ندارد,ندارد,بیمارستان,7,48900-50000
ماسک تنفسی انزانی مدل ni11 بسته 50 عددی,گارانتی اصالت و سلامت فیزیکی کالا,ندارد,ندارد,نجاری,7,48900-50000
ماسک تنفسی انزانی مدل ni11 بسته 50 عددی,گارانتی اصالت و سلامت فیزیکی کالا,ندارد,ندارد,ساختمانی,7,48900-50000
ماسک تنفسی انزانی مدل ni11 بسته 50 عددی,گارانتی اصالت و سلامت فیزیکی کالا,ندارد,ندارد,جوشکاری,7,48900-50000
ماسک تنفسی انزانی مدل ni11 بسته 50 عددی,گارانتی اصالت و سلامت فیزیکی کالا,ندارد,ندارد,تراشکاری,7,48900-50000
ماسک تنفسی انزانی مدل ni11 بسته 50 عددی,گارانتی اصالت و سلامت فیزیکی کالا,ندارد,ندارد,عمومی,7,48900-50000
"نگهدارنده ماسک صورت مدل pi,03 بسته 3 عددی",گارانتی اصالت و سلامت فیزیکی کالا,ندارد,ندارد,بیمارستان,8,7000-12000
"نگهدارنده ماسک صورت مدل pi,03 بسته 3 عددی",گارانتی اصالت و سلامت فیزیکی کالا,ندارد,ندارد,عمومی,8,7000-12000
کاور نگهدارنده ماسک مدل jask مجموعه 2 عددی,گارانتی اصالت و سلامت فیزیکی کالا,ندارد,ندارد,عمومی,10,1950-6000
"ماسک تنفسی مدل ssmms,4 بسته 50 عددی",سرویس ویژه دیجی کالا: 7 روز تضمین بازگشت کالا,ندارد,ندارد,بیمارستان,12,24500-33000
"ماسک تنفسی مدل ssmms,4 بسته 50 عددی",سرویس ویژه دیجی کالا: 7 روز تضمین بازگشت کالا,ندارد,ندارد,عمومی,12,24500-33000
"ماسک تنفسی رایا مدل n,m,s01 بسته 50 عددی",سرویس ویژه دیجی کالا: 7 روز تضمین بازگشت کالا,ندارد,ندارد,بیمارستان,7,48900-50000
"ماسک تنفسی رایا مدل n,m,s01 بسته 50 عددی",سرویس ویژه دیجی کالا: 7 روز تضمین بازگشت کالا,ندارد,ندارد,عمومی,7,48900-50000
"کاور نگهدارنده ماسک صورت مدل g,03 بسته 3 عددی",گارانتی اصالت و سلامت فیزیکی کالا,ندارد,ندارد,بیمارستان,8,7000-12000
"کاور نگهدارنده ماسک صورت مدل g,03 بسته 3 عددی",گارانتی اصالت و سلامت فیزیکی کالا,ندارد,ندارد,عمومی,8,7000-12000
"ماسک تنفسی وحدت مدل p,mlt بسته 50 عددی",گارانتی اصالت و سلامت فیزیکی کالا,ندارد,ندارد,بیمارستان,12,24500-33000
"ماسک تنفسی وحدت مدل p,mlt بسته 50 عددی",گارانتی اصالت و سلامت فیزیکی کالا,ندارد,ندارد,عمومی,12,24500-33000
ماسک تنفسی مدل beh20 بسته 50 عددی,گارانتی اصالت و سلامت فیزیکی کالا,ندارد,ندارد,بیمارستان,7,48900-50000
ماسک تنفسی مدل beh20 بسته 50 عددی,گارانتی اصالت و سلامت فیزیکی کالا,ندارد,ندارد,عمومی,7,48900-50000
ماسک تنفسی نیک رای مدل s03 بسته 50 عددی,گارانتی اصالت و سلامت فیزیکی کالا,ندارد,ندارد,بیمارستان,9,34000-40000
ماسک تنفسی نیک رای مدل s03 بسته 50 عددی,گارانتی اصالت و سلامت فیزیکی کالا,ندارد,ندارد,عمومی,9,34000-40000
ماسک تنفسی مدل صبا 21 مجموعه 50 عددی,گارانتی اصالت و سلامت فیزیکی کالا,ندارد,دارد,بیمارستان,12,24500-33000
ماسک تنفسی مدل صبا 21 مجموعه 50 عددی,گارانتی اصالت و سلامت فیزیکی کالا,ندارد,دارد,عمومی,12,24500-33000
ماسک تنفسی بهنود مدل beh21 بسته 50 عددی,گارانتی اصالت و سلامت فیزیکی کالا,ندارد,ندارد,بیمارستان,11,42000-47000
ماسک تنفسی بهنود مدل beh21 بسته 50 عددی,گارانتی اصالت و سلامت فیزیکی کالا,ندارد,ندارد,عمومی,11,42000-47000
"ماسک تنفسی رایا مدل s,m,s02 بسته 50 عددی",سرویس ویژه دیجی کالا: 7 روز تضمین بازگشت کالا,ندارد,ندارد,بیمارستان,12,24500-33000
"ماسک تنفسی رایا مدل s,m,s02 بسته 50 عددی",سرویس ویژه دیجی کالا: 7 روز تضمین بازگشت کالا,ندارد,ندارد,عمومی,12,24500-33000
ماسک تنفسی مدل r1003 بسته 50 عددی,سرویس ویژه دیجی کالا: 7 روز تضمین بازگشت کالا,ندارد,ندارد,بیمارستان,9,34000-40000
ماسک تنفسی مدل r1003 بسته 50 عددی,سرویس ویژه دیجی کالا: 7 روز تضمین بازگشت کالا,ندارد,ندارد,عمومی,9,34000-40000
"کاور نگهدارنده ماسک صورت مدل b,01",گارانتی اصالت و سلامت فیزیکی کالا,ندارد,ندارد,بیمارستان,10,1950-6000
"کاور نگهدارنده ماسک صورت مدل b,01",گارانتی اصالت و سلامت فیزیکی کالا,ندارد,ندارد,عمومی,10,1950-6000
نگهدارنده ماسک مدل r1,گارانتی اصالت و سلامت فیزیکی کالا,ندارد,ندارد,بیمارستان,10,1950-6000
نگهدارنده ماسک مدل r1,گارانتی اصالت و سلامت فیزیکی کالا,ندارد,ندارد,عمومی,10,1950-6000
"کاور نگهدارنده ماسک صورت مدل pu,01",گارانتی اصالت و سلامت فیزیکی کالا,ندارد,ندارد,بیمارستان,10,1950-6000
"کاور نگهدارنده ماسک صورت مدل pu,01",گارانتی اصالت و سلامت فیزیکی کالا,ندارد,ندارد,عمومی,10,1950-6000
"کاور نگهدارنده ماسک صورت مدل pu,03 بسته 3 عددی",گارانتی اصالت و سلامت فیزیکی کالا,ندارد,ندارد,بیمارستان,8,7000-12000
"کاور نگهدارنده ماسک صورت مدل pu,03 بسته 3 عددی",گارانتی اصالت و سلامت فیزیکی کالا,ندارد,ندارد,عمومی,8,7000-12000
"نگهدارنده ماسک صورت مدل b,03 بسته 3 عددی",گارانتی اصالت و سلامت فیزیکی کالا,ندارد,ندارد,بیمارستان,8,7000-12000
"نگهدارنده ماسک صورت مدل b,03 بسته 3 عددی",گارانتی اصالت و سلامت فیزیکی کالا,ندارد,ندارد,عمومی,8,7000-12000
"ماسک تنفسی کارومد مدل m,269 بسته 3 عددی",گارانتی اصالت و سلامت فیزیکی کالا,ندارد,دارد,بیمارستان,10,1950-6000
"ماسک تنفسی کارومد مدل m,269 بسته 3 عددی",گارانتی اصالت و سلامت فیزیکی کالا,ندارد,دارد,عمومی,10,1950-6000
ماسک تنفسی مدل صبا 19 مجموعه 50عددی,سرویس ویژه دیجی کالا: 7 روز تضمین بازگشت کالا,ندارد,دارد,عمومی,7,48900-50000
کاور نگهدارنده ماسک تنفسی مدل rad26 بسته 3 عددی,گارانتی اصالت و سلامت فیزیکی کالا,ندارد,ندارد,بیمارستان,10,1950-6000
کاور نگهدارنده ماسک تنفسی مدل rad26 بسته 3 عددی,گارانتی اصالت و سلامت فیزیکی کالا,ندارد,ندارد,عمومی,10,1950-6000
ماسک تنفسی مدل التروسونیک بسته 10 عددی,سرویس ویژه دیجی کالا: 7 روز تضمین بازگشت کالا,ندارد,ندارد,بیمارستان,8,7000-12000
ماسک تنفسی مدل التروسونیک بسته 10 عددی,سرویس ویژه دیجی کالا: 7 روز تضمین بازگشت کالا,ندارد,ندارد,عمومی,8,7000-12000
ماسک تنفسی مشهد ماسک مدل ملت بلون بسته 50 عددی,گارانتی اصالت و سلامت فیزیکی کالا,ندارد,ندارد,بیمارستان,9,34000-40000
ماسک تنفسی مشهد ماسک مدل ملت بلون بسته 50 عددی,گارانتی اصالت و سلامت فیزیکی کالا,ندارد,ندارد,نجاری,9,34000-40000
ماسک تنفسی مشهد ماسک مدل ملت بلون بسته 50 عددی,گارانتی اصالت و سلامت فیزیکی کالا,ندارد,ندارد,ساختمانی,9,34000-40000
ماسک تنفسی مشهد ماسک مدل ملت بلون بسته 50 عددی,گارانتی اصالت و سلامت فیزیکی کالا,ندارد,ندارد,جوشکاری,9,34000-40000
ماسک تنفسی مشهد ماسک مدل ملت بلون بسته 50 عددی,گارانتی اصالت و سلامت فیزیکی کالا,ندارد,ندارد,تراشکاری,9,34000-40000
ماسک تنفسی مشهد ماسک مدل ملت بلون بسته 50 عددی,گارانتی اصالت و سلامت فیزیکی کالا,ندارد,ندارد,عمومی,9,34000-40000
ماسک تنفسی اروین مدل sp بسته 50 عددی,سرویس ویژه دیجی کالا: 7 روز تضمین بازگشت کالا,ندارد,ندارد,بیمارستان,13,17000-24000
ماسک تنفسی اروین مدل sp بسته 50 عددی,سرویس ویژه دیجی کالا: 7 روز تضمین بازگشت کالا,ندارد,ندارد,عمومی,13,17000-24000
ماسک تنفسی مشهد ماسک مدل پرستاری بسته 50 عددی,گارانتی اصالت و سلامت فیزیکی کالا,ندارد,ندارد,بیمارستان,9,34000-40000
ماسک تنفسی مشهد ماسک مدل پرستاری بسته 50 عددی,گارانتی اصالت و سلامت فیزیکی کالا,ندارد,ندارد,نجاری,9,34000-40000
ماسک تنفسی مشهد ماسک مدل پرستاری بسته 50 عددی,گارانتی اصالت و سلامت فیزیکی کالا,ندارد,ندارد,ساختمانی,9,34000-40000
ماسک تنفسی مشهد ماسک مدل پرستاری بسته 50 عددی,گارانتی اصالت و سلامت فیزیکی کالا,ندارد,ندارد,جوشکاری,9,34000-40000
ماسک تنفسی مشهد ماسک مدل پرستاری بسته 50 عددی,گارانتی اصالت و سلامت فیزیکی کالا,ندارد,ندارد,تراشکاری,9,34000-40000
ماسک تنفسی مشهد ماسک مدل پرستاری بسته 50 عددی,گارانتی اصالت و سلامت فیزیکی کالا,ندارد,ندارد,عمومی,9,34000-40000
ماسک تنفسی مدل ms بسته 100عددی,گارانتی اصالت و سلامت فیزیکی کالا,ندارد,ندارد,بیمارستان,14,100000-100000
ماسک تنفسی مدل ms بسته 100عددی,گارانتی اصالت و سلامت فیزیکی کالا,ندارد,ندارد,عمومی,14,100000-100000
ماسک تنفسی مدل mz بسته 100 عددی,گارانتی اصالت و سلامت فیزیکی کالا,ندارد,ندارد,بیمارستان,14,100000-100000
ماسک تنفسی مدل mz بسته 100 عددی,گارانتی اصالت و سلامت فیزیکی کالا,ندارد,ندارد,عمومی,14,100000-100000
ماسک تنفسی مشهد ماسک مدل پرستاری بسته 50 عددی,گارانتی اصالت و سلامت فیزیکی کالا,ندارد,ندارد,بیمارستان,9,34000-40000
ماسک تنفسی مشهد ماسک مدل پرستاری بسته 50 عددی,گارانتی اصالت و سلامت فیزیکی کالا,ندارد,ندارد,نجاری,9,34000-40000
ماسک تنفسی مشهد ماسک مدل پرستاری بسته 50 عددی,گارانتی اصالت و سلامت فیزیکی کالا,ندارد,ندارد,ساختمانی,9,34000-40000
ماسک تنفسی مشهد ماسک مدل پرستاری بسته 50 عددی,گارانتی اصالت و سلامت فیزیکی کالا,ندارد,ندارد,جوشکاری,9,34000-40000
ماسک تنفسی مشهد ماسک مدل پرستاری بسته 50 عددی,گارانتی اصالت و سلامت فیزیکی کالا,ندارد,ندارد,تراشکاری,9,34000-40000
ماسک تنفسی مشهد ماسک مدل پرستاری بسته 50 عددی,گارانتی اصالت و سلامت فیزیکی کالا,ندارد,ندارد,عمومی,9,34000-40000
